Entity,Code,Year,Nitrogen oxide (NOx),Sulphur dioxide (SO₂) emissions,Carbon monoxide (CO) emissions,Organic carbon (OC) emissions,Non-methane volatile organic compounds (NMVOC) emissions,Black carbon (BC) emissions,Ammonia (NH₃) emissions,Unnamed: 10,median_NOx,mean_NOx,std_NOx
United States,USA,1750,2730.838,2495.7087,1852731.4,103608.12,175782.1,10968.587,12613.964,0.0,2668976.85,7511777.26863421,8838424.366257107
United States,USA,1760,3206.241,2925.977,2171669.5,121431.734,206068.48,12855.646,14838.134,0.0,2668976.85,7511777.26863421,8838424.366257107
United States,USA,1770,3788.7942,3451.9944,2561440.8,143210.25,243088.97,15161.47,17571.863,0.0,2668976.85,7511777.26863421,8838424.366257107
United States,USA,1780,4509.415,4100.9976,3042148.5,170064.97,288757.3,18004.8,20964.81,0.0,2668976.85,7511777.26863421,8838424.366257107
United States,USA,1790,5408.9683,4908.812,3640215.2,203469.17,345590.0,21541.66,25215.951,0.0,2668976.85,7511777.26863421,8838424.366257107
United States,USA,1800,7527.3213,9893.503,4837091.5,270189.66,459443.2,28665.93,33798.156,0.0,2668976.85,7511777.26863421,8838424.366257107
United States,USA,1801,7794.7373,10311.855,4998875.0,279215.5,474831.66,29625.172,35048.133,0.0,2668976.85,7511777.26863421,8838424.366257107
United States,USA,1802,8071.192,10827.852,5160341.0,288219.88,490193.4,30583.887,36303.438,0.0,2668976.85,7511777.26863421,8838424.366257107
United States,USA,1803,8329.305,11147.59,5321187.5,297195.38,505493.56,31536.088,37563.473,0.0,2668976.85,7511777.26863421,8838424.366257107
United States,USA,1804,8623.8955,11859.453,5482016.5,306156.94,520801.88,32493.76,38829.434,0.0,2668976.85,7511777.26863421,8838424.366257107
United States,USA,1805,8881.824,12178.466,5642026.5,315084.62,536025.3,33440.918,40099.73,0.0,2668976.85,7511777.26863421,8838424.366257107
United States,USA,1806,9121.308,12300.194,5801419.0,323983.38,551187.2,34381.543,41374.76,0.0,2668976.85,7511777.26863421,8838424.366257107
United States,USA,1807,9424.797,13110.124,5961091.0,332875.72,566392.06,35333.664,42654.684,0.0,2668976.85,7511777.26863421,8838424.366257107
United States,USA,1808,9691.597,13526.219,6119945.5,341734.12,581512.1,36275.25,43940.523,0.0,2668976.85,7511777.26863421,8838424.366257107
United States,USA,1809,9953.704,13892.601,6278332.5,350567.38,596588.0,37213.312,45231.39,0.0,2668976.85,7511777.26863421,8838424.366257107
United States,USA,1810,10259.267,14715.797,6436350.5,360675.56,611842.8,38928.47,46527.492,0.0,2668976.85,7511777.26863421,8838424.366257107
United States,USA,1811,10618.95,15377.247,6649084.5,372467.34,632048.75,40143.645,48169.023,0.0,2668976.85,7511777.26863421,8838424.366257107
United States,USA,1812,10988.258,16138.041,6861960.0,384264.2,652270.44,41361.11,49817.746,0.0,2668976.85,7511777.26863421,8838424.366257107
United States,USA,1813,11357.984,16899.453,7074878.0,396063.56,672496.2,42578.85,51473.465,0.0,2668976.85,7511777.26863421,8838424.366257107
United States,USA,1814,11732.745,17710.957,7287887.5,407866.78,692731.8,43797.88,53136.28,0.0,2668976.85,7511777.26863421,8838424.366257107
United States,USA,1815,12107.928,18523.08,7500939.0,419672.53,712971.5,45017.184,54806.09,0.0,2668976.85,7511777.26863421,8838424.366257107
United States,USA,1816,12511.185,19633.32,7714326.0,431488.4,733250.25,46242.816,56481.383,0.0,2668976.85,7511777.26863421,8838424.366257107
United States,USA,1817,12905.734,20645.277,7927656.0,443304.28,753521.4,47466.715,58165.52,0.0,2668976.85,7511777.26863421,8838424.366257107
United States,USA,1818,13309.99,21757.324,8141124.5,455125.28,773808.25,48692.91,59856.855,0.0,2668976.85,7511777.26863421,8838424.366257107
United States,USA,1819,13612.692,21777.074,8353564.5,466921.12,793971.1,49897.168,61552.996,0.0,2668976.85,7511777.26863421,8838424.366257107
United States,USA,1820,13976.012,22442.65,8566680.0,478735.9,814213.7,51114.82,63257.426,0.0,2668976.85,7511777.26863421,8838424.366257107
United States,USA,1821,14457.191,24149.316,8836476.0,494103.9,839960.5,52914.348,65492.426,0.0,2668976.85,7511777.26863421,8838424.366257107
United States,USA,1822,14938.003,25119.875,9105317.0,509417.28,865619.7,54708.11,67736.03,0.0,2668976.85,7511777.26863421,8838424.366257107
United States,USA,1823,15418.445,26159.426,9373201.0,524676.06,891191.25,56496.105,69988.24,0.0,2668976.85,7511777.26863421,8838424.366257107
United States,USA,1824,15996.17,28139.012,9641139.0,539906.6,916797.44,58299.59,72251.14,0.0,2668976.85,7511777.26863421,8838424.366257107
United States,USA,1825,16582.928,30358.127,9908213.0,555085.2,942327.7,60099.348,74522.84,0.0,2668976.85,7511777.26863421,8838424.366257107
United States,USA,1826,17243.766,33339.758,10175091.0,570229.25,967863.4,61909.562,76801.94,0.0,2668976.85,7511777.26863421,8838424.366257107
United States,USA,1827,17843.984,36408.555,10440384.0,585302.4,993235.8,63700.86,79091.08,0.0,2668976.85,7511777.26863421,8838424.366257107
United States,USA,1828,18462.572,40061.81,10704905.0,600325.9,1018543.9,65490.457,81389.21,0.0,2668976.85,7511777.26863421,8838424.366257107
United States,USA,1829,19149.56,43680.305,10969176.0,615271.75,1043844.7,67264.27,83697.45,0.0,2668976.85,7511777.26863421,8838424.366257107
United States,USA,1830,19960.865,48000.355,11233666.0,630458.8,1069246.2,69216.305,86016.78,0.0,2668976.85,7511777.26863421,8838424.366257107
United States,USA,1831,20749.607,50858.453,11574385.0,650010.9,1101884.4,71638.19,88981.72,0.0,2668976.85,7511777.26863421,8838424.366257107
United States,USA,1832,22267.828,62724.152,11921047.0,669266.6,1135238.2,73966.95,91973.445,0.0,2668976.85,7511777.26863421,8838424.366257107
United States,USA,1833,23465.303,70565.91,12262864.0,688391.6,1168055.8,76243.48,94969.24,0.0,2668976.85,7511777.26863421,8838424.366257107
United States,USA,1834,23830.652,69542.11,12594742.0,707202.8,1199695.8,78329.95,97958.266,0.0,2668976.85,7511777.26863421,8838424.366257107
United States,USA,1835,25574.441,83276.336,12938899.0,726298.44,1232908.6,80706.69,100987.62,0.0,2668976.85,7511777.26863421,8838424.366257107
United States,USA,1836,26654.023,90364.24,13274813.0,745125.8,1265153.4,82929.9,104010.04,0.0,2668976.85,7511777.26863421,8838424.366257107
United States,USA,1837,27939.367,97907.02,13611202.0,763920.1,1297511.4,85188.51,107051.42,0.0,2668976.85,7511777.26863421,8838424.366257107
United States,USA,1838,28138.057,95579.48,13935214.0,782332.0,1328378.4,87201.93,110080.64,0.0,2668976.85,7511777.26863421,8838424.366257107
United States,USA,1839,29310.062,103671.086,14267345.0,800918.44,1360312.1,89417.46,113141.53,0.0,2668976.85,7511777.26863421,8838424.366257107
United States,USA,1840,30313.008,108629.36,14596228.0,819370.6,1391894.0,91587.055,116209.77,0.0,2668976.85,7511777.26863421,8838424.366257107
United States,USA,1841,31445.36,115340.6,15022319.0,842064.3,1432675.9,93646.414,120379.54,0.0,2668976.85,7511777.26863421,8838424.366257107
United States,USA,1842,33038.94,126594.14,15448085.0,864605.06,1473586.4,95777.15,124572.36,0.0,2668976.85,7511777.26863421,8838424.366257107
United States,USA,1843,34841.074,139260.19,15870736.0,887861.1,1514430.5,98484.91,128782.26,0.0,2668976.85,7511777.26863421,8838424.366257107
United States,USA,1844,37532.5,161428.5,16297177.0,911079.8,1555931.4,101356.77,133024.28,0.0,2668976.85,7511777.26863421,8838424.366257107
United States,USA,1845,40677.188,189347.1,16723089.0,934143.2,1597548.6,104298.15,137284.34,0.0,2668976.85,7511777.26863421,8838424.366257107
United States,USA,1846,43317.58,209727.61,17139140.0,956792.56,1638097.0,107101.305,141551.62,0.0,2668976.85,7511777.26863421,8838424.366257107
United States,USA,1847,47050.824,242692.25,17560822.0,979459.25,1679551.1,110112.52,145855.33,0.0,2668976.85,7511777.26863421,8838424.366257107
United States,USA,1848,49955.11,269691.34,17969508.0,1001624.3,1719535.9,112915.195,150154.69,0.0,2668976.85,7511777.26863421,8838424.366257107
United States,USA,1849,52499.84,289163.34,18369786.0,1023414.56,1758632.1,115611.13,154459.66,0.0,2668976.85,7511777.26863421,8838424.366257107
United States,USA,1850,55402.16,304843.38,18778340.0,1045312.9,1797561.2,118501.53,158792.64,0.0,2668976.85,7511777.26863421,8838424.366257107
United States,USA,1851,62170.793,369222.9,19267700.0,1071461.0,1846462.0,123115.67,164624.7,0.0,2668976.85,7511777.26863421,8838424.366257107
United States,USA,1852,65463.56,397565.28,19735304.0,1097285.0,1891955.2,127096.8,170414.5,0.0,2668976.85,7511777.26863421,8838424.366257107
United States,USA,1853,70246.74,441743.5,20231166.0,1124218.2,1940235.2,131578.25,176268.08,0.0,2668976.85,7511777.26863421,8838424.366257107
United States,USA,1854,74509.414,482499.53,20734506.0,1151669.2,1988802.5,136083.66,182142.48,0.0,2668976.85,7511777.26863421,8838424.366257107
United States,USA,1855,81202.016,548416.3,21280384.0,1180688.2,2041463.0,141420.45,188095.89,0.0,2668976.85,7511777.26863421,8838424.366257107
United States,USA,1856,82710.125,560259.9,21779214.0,1207423.8,2085884.4,146179.48,193965.56,0.0,2668976.85,7511777.26863421,8838424.366257107
United States,USA,1857,83086.22,559359.94,22275700.0,1234346.8,2129690.5,150756.88,199841.95,0.0,2668976.85,7511777.26863421,8838424.366257107
United States,USA,1858,82916.36,552212.3,22774826.0,1261598.9,2173587.2,155262.77,205737.03,0.0,2668976.85,7511777.26863421,8838424.366257107
United States,USA,1859,86020.06,581120.56,23344910.0,1291357.4,2223148.8,161309.05,211744.77,0.0,2668976.85,7511777.26863421,8838424.366257107
United States,USA,1860,89391.75,588570.0,23905018.0,1320811.1,2273211.5,166803.06,217798.23,0.0,2668976.85,7511777.26863421,8838424.366257107
United States,USA,1861,93927.87,551441.0,24164386.0,1333217.0,2300479.0,168386.3,223424.92,0.0,2668976.85,7511777.26863421,8838424.366257107
United States,USA,1862,99162.766,557270.1,24496696.0,1348399.8,2330629.2,171918.83,229099.56,0.0,2668976.85,7511777.26863421,8838424.366257107
United States,USA,1863,103416.984,618963.5,24961920.0,1368767.1,2363739.5,179114.53,234804.55,0.0,2668976.85,7511777.26863421,8838424.366257107
United States,USA,1864,103800.08,640727.06,25355092.0,1386909.2,2391245.8,184598.34,240448.94,0.0,2668976.85,7511777.26863421,8838424.366257107
United States,USA,1865,104624.63,624613.94,25665676.0,1401918.6,2416961.0,187753.52,246129.34,0.0,2668976.85,7511777.26863421,8838424.366257107
United States,USA,1866,111121.79,632207.0,25874174.0,1415521.8,2445759.0,189993.64,251944.0,0.0,2668976.85,7511777.26863421,8838424.366257107
United States,USA,1867,123602.02,773940.94,26429000.0,1441240.9,2490036.8,200949.3,257987.12,0.0,2668976.85,7511777.26863421,8838424.366257107
United States,USA,1868,135031.61,876250.6,26868162.0,1462849.5,2530287.0,208892.55,264016.9,0.0,2668976.85,7511777.26863421,8838424.366257107
United States,USA,1869,149583.27,989884.9,27351724.0,1485723.2,2574933.0,217727.02,270175.25,0.0,2668976.85,7511777.26863421,8838424.366257107
United States,USA,1870,159308.55,1044906.3,27665200.0,1502943.2,2610743.8,222387.03,276228.84,0.0,2668976.85,7511777.26863421,8838424.366257107
United States,USA,1871,164151.4,1097149.0,27750996.0,1505301.0,2620602.8,225379.48,285003.78,0.0,2668976.85,7511777.26863421,8838424.366257107
United States,USA,1872,191729.3,1335974.0,28336366.0,1523228.4,2666025.5,239822.52,294452.84,0.0,2668976.85,7511777.26863421,8838424.366257107
United States,USA,1873,221816.55,1476522.5,28697310.0,1532255.5,2707149.2,247817.61,304014.47,0.0,2668976.85,7511777.26863421,8838424.366257107
United States,USA,1874,223494.19,1438365.0,28554812.0,1526432.2,2707194.0,244847.56,312866.94,0.0,2668976.85,7511777.26863421,8838424.366257107
United States,USA,1875,216063.4,1469770.2,28542394.0,1527066.2,2702668.2,246519.03,321543.12,0.0,2668976.85,7511777.26863421,8838424.366257107
United States,USA,1876,217042.81,1476116.4,28407606.0,1519571.2,2703748.8,242722.5,330464.72,0.0,2668976.85,7511777.26863421,8838424.366257107
United States,USA,1877,253348.16,1657997.1,28769086.0,1525473.4,2751946.5,248910.47,340392.6,0.0,2668976.85,7511777.26863421,8838424.366257107
United States,USA,1878,262551.06,1658463.9,28653452.0,1517161.8,2761630.0,244554.39,349661.9,0.0,2668976.85,7511777.26863421,8838424.366257107
United States,USA,1879,318034.28,2039247.4,29445146.0,1536544.4,2840228.5,260806.14,360211.4,0.0,2668976.85,7511777.26863421,8838424.366257107
United States,USA,1880,372486.72,2339630.8,29999114.0,1545750.6,2909903.0,271193.9,370784.6,0.0,2668976.85,7511777.26863421,8838424.366257107
United States,USA,1881,392341.6,2469453.5,30034186.0,1536839.2,2913941.5,276984.25,380987.84,0.0,2668976.85,7511777.26863421,8838424.366257107
United States,USA,1882,433574.6,2749675.0,30436686.0,1538155.5,2947547.2,290477.03,391796.34,0.0,2668976.85,7511777.26863421,8838424.366257107
United States,USA,1883,426056.1,2979079.0,30537584.0,1536198.9,2923871.8,301349.4,401287.62,0.0,2668976.85,7511777.26863421,8838424.366257107
United States,USA,1884,448161.97,3128062.0,30620730.0,1528276.4,2927770.0,307857.9,411632.25,0.0,2668976.85,7511777.26863421,8838424.366257107
United States,USA,1885,457216.66,3154703.0,30392158.0,1512668.6,2900052.8,308401.6,421496.34,0.0,2668976.85,7511777.26863421,8838424.366257107
United States,USA,1886,525175.44,3244986.0,30579084.0,1500989.0,2936726.0,313221.4,432798.62,0.0,2668976.85,7511777.26863421,8838424.366257107
United States,USA,1887,572427.0,3427297.2,30804748.0,1493632.8,2952398.5,321330.88,443522.66,0.0,2668976.85,7511777.26863421,8838424.366257107
United States,USA,1888,674462.06,4114193.8,32269856.0,1517950.4,3047225.2,354761.16,455876.7,0.0,2668976.85,7511777.26863421,8838424.366257107
United States,USA,1889,645688.1,3717214.2,31299556.0,1473862.1,3011002.0,333909.56,466443.56,0.0,2668976.85,7511777.26863421,8838424.366257107
United States,USA,1890,770181.3,4407408.5,33148494.0,1497339.6,3173106.8,367708.03,480314.03,0.0,2668976.85,7511777.26863421,8838424.366257107
United States,USA,1891,826259.8,4721904.5,33746176.0,1491708.4,3238768.2,380363.75,493151.47,0.0,2668976.85,7511777.26863421,8838424.366257107
United States,USA,1892,833360.94,5035804.0,34047720.0,1485808.5,3237147.8,392450.0,504476.0,0.0,2668976.85,7511777.26863421,8838424.366257107
United States,USA,1893,828326.7,5060707.0,33821736.0,1466655.6,3207500.5,393459.84,515587.12,0.0,2668976.85,7511777.26863421,8838424.366257107
United States,USA,1894,796827.7,4773664.5,32724852.0,1425838.6,3132408.5,376360.78,526262.9,0.0,2668976.85,7511777.26863421,8838424.366257107
United States,USA,1895,882858.94,5368822.0,34043612.0,1439429.1,3227217.5,404131.03,539704.56,0.0,2668976.85,7511777.26863421,8838424.366257107
United States,USA,1896,924488.25,5478833.0,33423172.0,1407456.8,3227949.0,399961.34,552191.3,0.0,2668976.85,7511777.26863421,8838424.366257107
United States,USA,1897,953148.06,5784515.5,33161954.0,1388823.6,3219764.8,406261.22,564141.3,0.0,2668976.85,7511777.26863421,8838424.366257107
United States,USA,1898,998527.56,6369168.5,33488410.0,1385740.2,3237344.5,425181.53,576362.9,0.0,2668976.85,7511777.26863421,8838424.366257107
United States,USA,1899,1122689.1,7323842.0,34788600.0,1400247.6,3352382.2,458875.4,590476.8,0.0,2668976.85,7511777.26863421,8838424.366257107
United States,USA,1900,1206129.6,7861928.0,35042500.0,1388852.4,3414872.5,470415.44,604066.9,0.0,2668976.85,7511777.26863421,8838424.366257107
United States,USA,1901,1338083.1,8608947.0,35945124.0,1397464.0,3562354.5,492266.1,620214.06,0.0,2668976.85,7511777.26863421,8838424.366257107
United States,USA,1902,1508141.8,9149905.0,36671376.0,1394707.4,3744915.8,504622.62,637700.06,0.0,2668976.85,7511777.26863421,8838424.366257107
United States,USA,1903,1764782.1,10678827.0,39323964.0,1434777.2,4045323.8,554928.25,656788.6,0.0,2668976.85,7511777.26863421,8838424.366257107
United States,USA,1904,1856340.9,10684506.0,38581210.0,1401139.2,4097893.0,540358.7,672689.56,0.0,2668976.85,7511777.26863421,8838424.366257107
United States,USA,1905,2124515.5,11993487.0,40559270.0,1422000.2,4403982.5,574813.44,691984.8,0.0,2668976.85,7511777.26863421,8838424.366257107
United States,USA,1906,2180227.2,12718984.0,40845948.0,1434473.6,4460631.5,592385.9,707417.44,0.0,2668976.85,7511777.26863421,8838424.366257107
United States,USA,1907,2626402.5,14539637.0,44788980.0,1495092.5,4979792.0,654484.0,732555.3,0.0,2668976.85,7511777.26863421,8838424.366257107
United States,USA,1908,2486880.2,12756436.0,41197212.0,1418326.2,4734287.5,590693.44,745497.3,0.0,2668976.85,7511777.26863421,8838424.366257107
United States,USA,1909,2711551.2,14328698.0,42983748.0,1454546.9,5000904.5,630350.5,764743.8,0.0,2668976.85,7511777.26863421,8838424.366257107
United States,USA,1910,3018222.0,15520514.0,45106384.0,1485834.0,5337602.5,665872.25,786797.4,0.0,2668976.85,7511777.26863421,8838424.366257107
United States,USA,1911,3064817.0,15046527.0,45176388.0,1477225.4,5355858.5,664840.1,802884.8,0.0,2668976.85,7511777.26863421,8838424.366257107
United States,USA,1912,3233345.0,15869556.0,47021172.0,1510023.2,5551033.5,701835.3,820768.56,0.0,2668976.85,7511777.26863421,8838424.366257107
United States,USA,1913,3609523.2,16578051.0,50172196.0,1547342.8,5948882.5,743212.8,844461.5,0.0,2668976.85,7511777.26863421,8838424.366257107
United States,USA,1914,3533733.8,14805694.0,48111532.0,1489401.0,5807034.0,696780.06,858977.06,0.0,2668976.85,7511777.26863421,8838424.366257107
United States,USA,1915,3711474.2,15230903.0,49559550.0,1507513.8,6012423.5,720134.6,877946.56,0.0,2668976.85,7511777.26863421,8838424.366257107
United States,USA,1916,4145666.0,17305128.0,52493124.0,1550082.6,6456628.0,766921.75,902002.4,0.0,2668976.85,7511777.26863421,8838424.366257107
United States,USA,1917,4572576.0,18824422.0,55454988.0,1592496.5,6895127.5,813633.9,926494.6,0.0,2668976.85,7511777.26863421,8838424.366257107
United States,USA,1918,4837029.5,19394338.0,56786844.0,1603801.1,7169977.0,831754.25,948238.1,0.0,2668976.85,7511777.26863421,8838424.366257107
United States,USA,1919,4700279.5,15822224.0,52142340.0,1467538.9,6925302.5,714227.7,963648.94,0.0,2668976.85,7511777.26863421,8838424.366257107
United States,USA,1920,5755116.5,17909114.0,60102464.0,1543659.1,8007630.0,792862.0,1003660.7,0.0,2668976.85,7511777.26863421,8838424.366257107
United States,USA,1921,5426933.0,13742018.0,55442016.0,1409694.6,7619499.0,678058.7,1016018.4,0.0,2668976.85,7511777.26863421,8838424.366257107
United States,USA,1922,5908811.5,13906874.0,58393464.0,1398197.6,8186184.0,676819.9,1045944.5,0.0,2668976.85,7511777.26863421,8838424.366257107
United States,USA,1923,7286530.5,18590192.0,70641040.0,1582219.0,9794803.0,851676.6,1094900.2,0.0,2668976.85,7511777.26863421,8838424.366257107
United States,USA,1924,6903891.0,16668976.0,66366404.0,1487288.0,9325416.0,773696.4,1103221.0,0.0,2668976.85,7511777.26863421,8838424.366257107
United States,USA,1925,7166427.5,16832986.0,68547980.0,1499913.0,9667084.0,792728.25,1156222.2,0.0,2668976.85,7511777.26863421,8838424.366257107
United States,USA,1926,7529626.0,18551408.0,70276680.0,1511189.5,9972589.0,818105.75,1197373.8,0.0,2668976.85,7511777.26863421,8838424.366257107
United States,USA,1927,8170575.0,18090190.0,71705000.0,1423225.8,10592611.0,756318.6,1238210.4,0.0,2668976.85,7511777.26863421,8838424.366257107
United States,USA,1928,8311180.5,18075764.0,70595240.0,1352660.2,10626853.0,708352.25,1261308.8,0.0,2668976.85,7511777.26863421,8838424.366257107
United States,USA,1929,9159017.0,19515386.0,74403384.0,1338639.5,11420279.0,712736.94,1297314.6,0.0,2668976.85,7511777.26863421,8838424.366257107
United States,USA,1930,8235695.5,17149928.0,66058396.0,1212647.1,10313791.0,611237.3,1282494.8,0.0,2668976.85,7511777.26863421,8838424.366257107
United States,USA,1931,7443244.5,14101313.0,59962890.0,1110116.8,9531599.0,523110.3,1272803.2,0.0,2668976.85,7511777.26863421,8838424.366257107
United States,USA,1932,6700796.0,11303627.0,54285556.0,1019412.94,8757104.0,445920.0,1254595.9,0.0,2668976.85,7511777.26863421,8838424.366257107
United States,USA,1933,7297584.5,12281218.0,58075784.0,1029387.5,9467148.0,464112.2,1266974.1,0.0,2668976.85,7511777.26863421,8838424.366257107
United States,USA,1934,7505838.0,13329611.0,58925844.0,1036971.44,9617698.0,479396.16,1266179.1,0.0,2668976.85,7511777.26863421,8838424.366257107
United States,USA,1935,7995811.5,14070581.0,61677010.0,1031872.6,10166821.0,483325.25,1274347.2,0.0,2668976.85,7511777.26863421,8838424.366257107
United States,USA,1936,8932328.0,16389283.0,67437000.0,1082154.4,11132538.0,536205.44,1309621.6,0.0,2668976.85,7511777.26863421,8838424.366257107
United States,USA,1937,9879332.0,17111996.0,73123130.0,1083591.9,12221144.0,543764.06,1345831.0,0.0,2668976.85,7511777.26863421,8838424.366257107
United States,USA,1938,8994780.0,13733471.0,66817760.0,988003.94,11318456.0,458357.38,1337354.6,0.0,2668976.85,7511777.26863421,8838424.366257107
United States,USA,1939,9599323.0,15479198.0,70489660.0,1017693.1,11941165.0,491857.4,1356899.1,0.0,2668976.85,7511777.26863421,8838424.366257107
United States,USA,1940,10562899.0,17534004.0,76468340.0,1058455.6,12935322.0,536360.25,1383004.5,0.0,2668976.85,7511777.26863421,8838424.366257107
United States,USA,1941,11202729.0,19514082.0,80211440.0,1089066.1,13390012.0,574405.6,1418268.5,0.0,2668976.85,7511777.26863421,8838424.366257107
United States,USA,1942,11222662.0,21151708.0,79126230.0,1118438.4,13501042.0,609511.56,1427668.5,0.0,2668976.85,7511777.26863421,8838424.366257107
United States,USA,1943,11897453.0,21501242.0,82716910.0,1116909.9,14234764.0,616869.1,1464304.4,0.0,2668976.85,7511777.26863421,8838424.366257107
United States,USA,1944,13157037.0,22374524.0,90397520.0,1141246.8,15609490.0,648623.94,1519771.2,0.0,2668976.85,7511777.26863421,8838424.366257107
United States,USA,1945,13217994.0,20972696.0,90526536.0,1091575.2,15742788.0,611623.6,1546276.5,0.0,2668976.85,7511777.26863421,8838424.366257107
United States,USA,1946,12994977.0,19577784.0,88565900.0,1016276.94,15626682.0,548888.2,1581039.9,0.0,2668976.85,7511777.26863421,8838424.366257107
United States,USA,1947,13952712.0,22343606.0,93474230.0,1028525.94,16653757.0,565021.25,1645444.5,0.0,2668976.85,7511777.26863421,8838424.366257107
United States,USA,1948,14884433.0,22755498.0,99390936.0,1000886.8,17816960.0,547661.2,1714329.9,0.0,2668976.85,7511777.26863421,8838424.366257107
United States,USA,1949,12892612.0,17456000.0,94776680.0,1065346.0,16455177.0,606005.06,1736654.9,0.0,2668976.85,7511777.26863421,8838424.366257107
United States,USA,1950,13892895.0,18438002.0,101676850.0,1051070.6,17843920.0,604564.6,1822568.0,0.0,2668976.85,7511777.26863421,8838424.366257107
United States,USA,1951,14793913.0,19242572.0,105874936.0,992964.7,18920396.0,571617.4,1903373.9,0.0,2668976.85,7511777.26863421,8838424.366257107
United States,USA,1952,15002836.0,18472664.0,107200970.0,938403.8,19199292.0,533435.06,1969783.1,0.0,2668976.85,7511777.26863421,8838424.366257107
United States,USA,1953,15443072.0,18821674.0,110005830.0,870726.0,19847198.0,493259.06,2044843.8,0.0,2668976.85,7511777.26863421,8838424.366257107
United States,USA,1954,15282936.0,17631540.0,109068020.0,820546.2,19672208.0,453901.66,2096162.1,0.0,2668976.85,7511777.26863421,8838424.366257107
United States,USA,1955,16396072.0,19752690.0,116453600.0,823846.8,21108848.0,463052.9,2171258.5,0.0,2668976.85,7511777.26863421,8838424.366257107
United States,USA,1956,16776408.0,20717122.0,119771820.0,802355.8,21904942.0,449932.12,2235855.5,0.0,2668976.85,7511777.26863421,8838424.366257107
United States,USA,1957,16385758.0,20206238.0,116825790.0,729004.7,21672916.0,395423.03,2284148.2,0.0,2668976.85,7511777.26863421,8838424.366257107
United States,USA,1958,16358745.0,19315206.0,117795110.0,721135.25,21525434.0,383515.25,2354252.2,0.0,2668976.85,7511777.26863421,8838424.366257107
United States,USA,1959,16691256.0,19175948.0,120353304.0,685405.4,22187220.0,361105.03,2431263.0,0.0,2668976.85,7511777.26863421,8838424.366257107
United States,USA,1960,16995954.0,20089312.0,120869544.0,730141.8,22375454.0,358851.4,2483007.0,0.0,2668976.85,7511777.26863421,8838424.366257107
United States,USA,1961,17196596.0,20693066.0,122067360.0,701979.56,22633518.0,348453.56,2515911.2,0.0,2668976.85,7511777.26863421,8838424.366257107
United States,USA,1962,17939212.0,21412274.0,126468856.0,699471.75,23375630.0,356025.84,2652803.0,0.0,2668976.85,7511777.26863421,8838424.366257107
United States,USA,1963,18837646.0,22231424.0,130487384.0,684876.25,24134058.0,352851.56,2752941.5,0.0,2668976.85,7511777.26863421,8838424.366257107
United States,USA,1964,19697346.0,23140526.0,134714770.0,663258.44,24868110.0,349030.2,2826117.0,0.0,2668976.85,7511777.26863421,8838424.366257107
United States,USA,1965,20439006.0,24377838.0,138343310.0,655684.06,25603198.0,353011.78,2985927.8,0.0,2668976.85,7511777.26863421,8838424.366257107
United States,USA,1966,21547778.0,25700380.0,144879550.0,662800.6,26793124.0,362115.06,3140772.8,0.0,2668976.85,7511777.26863421,8838424.366257107
United States,USA,1967,22315764.0,24800922.0,148768370.0,644396.6,27666386.0,353269.84,3283325.8,0.0,2668976.85,7511777.26863421,8838424.366257107
United States,USA,1968,23816066.0,26444220.0,157988060.0,649729.3,29038070.0,365152.9,3345106.2,0.0,2668976.85,7511777.26863421,8838424.366257107
United States,USA,1969,24727458.0,27814474.0,165452050.0,651807.2,30150458.0,370587.3,3431951.5,0.0,2668976.85,7511777.26863421,8838424.366257107
United States,USA,1970,25245774.0,28958874.0,172285740.0,640932.75,31159918.0,356621.8,3558218.0,0.0,2668976.85,7511777.26863421,8838424.366257107
United States,USA,1971,25482284.0,28097980.0,171205120.0,675814.7,30852630.0,385099.4,3618291.2,0.0,2668976.85,7511777.26863421,8838424.366257107
United States,USA,1972,26451576.0,28946982.0,174114910.0,672104.4,31367348.0,384374.2,3631848.5,0.0,2668976.85,7511777.26863421,8838424.366257107
United States,USA,1973,27273760.0,30564370.0,173877180.0,665156.75,31195074.0,389628.75,3682267.2,0.0,2668976.85,7511777.26863421,8838424.366257107
United States,USA,1974,25904320.0,28541700.0,162687410.0,670410.9,29651246.0,377699.56,3668665.5,0.0,2668976.85,7511777.26863421,8838424.366257107
United States,USA,1975,24646864.0,26646406.0,157399840.0,689635.4,28523936.0,364156.0,3772195.0,0.0,2668976.85,7511777.26863421,8838424.366257107
United States,USA,1976,25836602.0,27750544.0,163304770.0,738242.8,29196846.0,381815.1,3824614.0,0.0,2668976.85,7511777.26863421,8838424.366257107
United States,USA,1977,26547490.0,27789216.0,165785140.0,773053.25,29779022.0,390406.84,3777143.2,0.0,2668976.85,7511777.26863421,8838424.366257107
United States,USA,1978,26382390.0,25836768.0,168641600.0,824447.56,30109318.0,399101.44,3816597.5,0.0,2668976.85,7511777.26863421,8838424.366257107
United States,USA,1979,26185690.0,25654136.0,159984590.0,906896.7,29702476.0,420377.8,3859288.2,0.0,2668976.85,7511777.26863421,8838424.366257107
United States,USA,1980,24757332.0,24204642.0,149331780.0,894350.75,28241620.0,363518.38,3971479.0,0.0,2668976.85,7511777.26863421,8838424.366257107
United States,USA,1981,24203700.0,23072354.0,147224830.0,884394.94,27203718.0,351264.34,3936993.0,0.0,2668976.85,7511777.26863421,8838424.366257107
United States,USA,1982,22851656.0,21644812.0,144374270.0,883939.06,26146544.0,332501.66,3734029.5,0.0,2668976.85,7511777.26863421,8838424.366257107
United States,USA,1983,22687192.0,21013756.0,143638720.0,887715.3,25267494.0,334306.66,3822210.8,0.0,2668976.85,7511777.26863421,8838424.366257107
United States,USA,1984,23513766.0,22019724.0,141740940.0,899445.9,24673576.0,337593.25,3833829.2,0.0,2668976.85,7511777.26863421,8838424.366257107
United States,USA,1985,23356978.0,21724376.0,141264020.0,895136.75,24012258.0,321753.56,3769628.5,0.0,2668976.85,7511777.26863421,8838424.366257107
United States,USA,1986,22990058.0,21308074.0,137295120.0,900962.75,23502090.0,322491.47,3738746.0,0.0,2668976.85,7511777.26863421,8838424.366257107
United States,USA,1987,23354616.0,21524978.0,134757470.0,935066.5,23115148.0,328137.47,3802844.0,0.0,2668976.85,7511777.26863421,8838424.366257107
United States,USA,1988,23970444.0,21995378.0,132458830.0,946426.7,22675354.0,341977.8,3800798.8,0.0,2668976.85,7511777.26863421,8838424.366257107
United States,USA,1989,23755346.0,21951548.0,126236040.0,999935.9,21784786.0,335921.62,3909317.2,0.0,2668976.85,7511777.26863421,8838424.366257107
United States,USA,1990,22874892.0,21497030.0,115106640.0,776278.56,20277632.0,317523.7,3893807.2,0.0,2668976.85,7511777.26863421,8838424.366257107
United States,USA,1991,22499354.0,20807810.0,111805624.0,812399.4,20311546.0,301242.3,3948418.5,0.0,2668976.85,7511777.26863421,8838424.366257107
United States,USA,1992,22622656.0,20439922.0,108465496.0,842447.1,19956632.0,284550.94,4001839.5,0.0,2668976.85,7511777.26863421,8838424.366257107
United States,USA,1993,22400412.0,20092524.0,103024184.0,684031.2,19350064.0,269654.3,4068190.8,0.0,2668976.85,7511777.26863421,8838424.366257107
United States,USA,1994,22169514.0,19704718.0,101192160.0,662659.94,19225736.0,267196.44,4132871.0,0.0,2668976.85,7511777.26863421,8838424.366257107
United States,USA,1995,21924114.0,17223756.0,98993410.0,638794.56,18990092.0,256659.92,4195489.0,0.0,2668976.85,7511777.26863421,8838424.366257107
United States,USA,1996,21581656.0,17022910.0,93388810.0,712541.06,16308371.0,262355.97,4255311.0,0.0,2668976.85,7511777.26863421,8838424.366257107
United States,USA,1997,21581384.0,17405592.0,92026510.0,674048.9,16233512.0,255855.81,4336876.5,0.0,2668976.85,7511777.26863421,8838424.366257107
United States,USA,1998,21117484.0,17455780.0,90707096.0,650646.9,15794525.0,241619.36,4447470.5,0.0,2668976.85,7511777.26863421,8838424.366257107
United States,USA,1999,19651436.0,16071036.0,84966130.0,662858.7,14865091.0,233232.28,4403818.0,0.0,2668976.85,7511777.26863421,8838424.366257107
United States,USA,2000,19531784.0,15078526.0,85009580.0,626612.94,14460103.0,220627.84,4449506.0,0.0,2668976.85,7511777.26863421,8838424.366257107
United States,USA,2001,18672960.0,14756884.0,81687330.0,586471.2,14273536.0,221188.45,4253798.5,0.0,2668976.85,7511777.26863421,8838424.366257107
United States,USA,2002,17685900.0,13502245.0,69668530.0,557595.25,13886831.0,214652.64,3853426.8,0.0,2668976.85,7511777.26863421,8838424.366257107
United States,USA,2003,17267340.0,13886723.0,64976856.0,580346.6,13480561.0,217868.6,3874082.2,0.0,2668976.85,7511777.26863421,8838424.366257107
United States,USA,2004,16511385.0,13355942.0,60479120.0,595066.8,13372118.0,230706.92,3862108.5,0.0,2668976.85,7511777.26863421,8838424.366257107
United States,USA,2005,16311490.0,13291726.0,57691544.0,604776.06,13331693.0,234141.39,4143456.2,0.0,2668976.85,7511777.26863421,8838424.366257107
United States,USA,2006,15464336.0,11447893.0,54970508.0,587540.4,13075883.0,229715.75,4017162.2,0.0,2668976.85,7511777.26863421,8838424.366257107
United States,USA,2007,14971075.0,10658782.0,50682504.0,594966.25,12841635.0,230586.42,4226582.5,0.0,2668976.85,7511777.26863421,8838424.366257107
United States,USA,2008,13878402.0,9113667.0,46432916.0,607366.25,12427928.0,223694.08,4105730.5,0.0,2668976.85,7511777.26863421,8838424.366257107
United States,USA,2009,11962384.0,7207421.0,42935428.0,597499.56,11453838.0,209782.03,3906786.2,0.0,2668976.85,7511777.26863421,8838424.366257107
United States,USA,2010,11751738.0,6259394.0,38709650.0,623069.1,11195182.0,218527.77,4000680.2,0.0,2668976.85,7511777.26863421,8838424.366257107
United States,USA,2011,11760195.0,5761469.0,38878104.0,603045.75,11633875.0,195399.58,4054445.8,0.0,2668976.85,7511777.26863421,8838424.366257107
United States,USA,2012,10909564.0,4628252.5,34972800.0,547849.3,11223953.0,176553.83,4036744.5,0.0,2668976.85,7511777.26863421,8838424.366257107
United States,USA,2013,10647596.0,4395203.5,35743176.0,588665.4,10944835.0,184895.53,3993807.0,0.0,2668976.85,7511777.26863421,8838424.366257107
United States,USA,2014,10110209.0,4153988.0,34628884.0,590393.8,10951584.0,178161.83,3886277.5,0.0,2668976.85,7511777.26863421,8838424.366257107
United States,USA,2015,9548504.0,3207731.5,33485808.0,565982.44,10620185.0,175432.3,3990964.0,0.0,2668976.85,7511777.26863421,8838424.366257107
United States,USA,2016,8999325.0,2476505.2,29727288.0,524151.28,10425299.0,164689.4,4031489.0,0.0,2668976.85,7511777.26863421,8838424.366257107
United States,USA,2017,8387864.5,2245408.8,28561028.0,504386.38,11005045.0,157959.75,4094296.0,0.0,2668976.85,7511777.26863421,8838424.366257107
United States,USA,2018,8193212.0,2143257.8,26730576.0,527862.7,11010251.0,158095.27,4512596.0,0.0,2668976.85,7511777.26863421,8838424.366257107
United States,USA,2019,7689796.5,1882706.5,24870812.0,514527.94,10787989.0,148230.95,4543765.0,0.0,2668976.85,7511777.26863421,8838424.366257107
United States,USA,2020,6808512.0,1600467.0,21277028.0,443574.75,10413295.0,129181.01,4552450.0,0.0,2668976.85,7511777.26863421,8838424.366257107
United States,USA,2021,7000289.5,1738428.4,22130986.0,439785.4,10486530.0,131700.89,4591702.5,0.0,2668976.85,7511777.26863421,8838424.366257107
United States,USA,2022,6837541.5,1662017.0,21708476.0,443384.84,10467571.0,126661.76,4624186.0,0.0,2668976.85,7511777.26863421,8838424.366257107
